gene,position,strand,spacer,pam,gc_content,on_target_score,offtarget_hits_0mm,offtarget_hits_1mm,offtarget_hits_2mm,offtarget_hits_3mm,offtarget_penalty,specificity_score,final_score,classification,context_30mer
blaKPC,756,-,CACAATAGGTGCGCGCCCAG,TGG,65.0,84.0,0,0,0,0,0,100,90.4,Excellent,AAAACACAATAGGTGCGCGCCCAGTGGGGG
blaKPC,474,-,CCAGCGGTCCAGACGGAACG,TGG,70.0,84.0,0,0,0,0,0,100,90.4,Excellent,AAAACCAGCGGTCCAGACGGAACGTGGGGG
blaKPC,200,-,CCCTTGAATGAGCTGCACAG,TGG,55.0,84.0,0,0,0,0,0,100,90.4,Excellent,AAAACCCTTGAATGAGCTGCACAGTGGGGG
blaKPC,69,-,GACGAGGTTGGTCAGCGCGG,TGG,70.0,84.0,0,0,0,0,0,100,90.4,Excellent,AAAAGACGAGGTTGGTCAGCGCGGTGGGGG
blaNDM1,677,-,CGGTGATATTGTCACTGGTG,TGG,50.0,84.0,0,0,0,0,0,100,90.4,Excellent,AAAACGGTGATATTGTCACTGGTGTGGGGG
mcr1,2650,+,AACCTGCGCAGGTAACACAG,TGG,55.0,84.0,0,0,0,0,0,100,90.4,Excellent,AAAAAACCTGCGCAGGTAACACAGTGGGGG
mcr1,2672,+,GATCAACAAAGGATTCATCG,TGG,40.0,84.0,0,0,0,0,0,100,90.4,Excellent,AAAAGATCAACAAAGGATTCATCGTGGGGG
mcr1,3307,+,CGGCATCTCTGGCGTAACGG,TGG,65.0,84.0,0,0,0,0,0,100,90.4,Excellent,AAAACGGCATCTCTGGCGTAACGGTGGGGG
mcr1,3709,+,GTGACCAGATAAAAGTGCTG,TGG,45.0,84.0,0,0,0,0,0,100,90.4,Excellent,AAAAGTGACCAGATAAAAGTGCTGTGGGGG
mcr1,4306,+,GAGGAATGCTGCCCGGCCTG,TGG,70.0,84.0,0,0,0,0,0,100,90.4,Excellent,AAAAGAGGAATGCTGCCCGGCCTGTGGGGG
mcr1,4309,+,GAATGCTGCCCGGCCTGTGG,TGG,70.0,84.0,0,0,0,0,0,100,90.4,Excellent,AAAAGAATGCTGCCCGGCCTGTGGTGGGGG
mcr1,4563,+,AATATACCGTCGCCAGGGCG,TGG,60.0,84.0,0,0,0,0,0,100,90.4,Excellent,AAAAAATATACCGTCGCCAGGGCGTGGGGG
mcr1,4736,+,AAACAAGAACTGCCCGGCTG,TGG,55.0,84.0,0,0,0,0,0,100,90.4,Excellent,AAAAAAACAAGAACTGCCCGGCTGTGGGGG
mcr1,4879,+,CTTCAGGCAGATGCTTACGG,TGG,55.0,84.0,0,0,0,0,0,100,90.4,Excellent,AAAACTTCAGGCAGATGCTTACGGTGGGGG
mcr1,5226,+,GTACTGCAGTAATGGCTGGG,TGG,55.0,84.0,0,0,0,0,0,100,90.4,Excellent,AAAAGTACTGCAGTAATGGCTGGGTGGGGG
mcr1,5370,+,CACATGCCGTCTGAACAATG,TGG,50.0,84.0,0,0,0,0,0,100,90.4,Excellent,AAAACACATGCCGTCTGAACAATGTGGGGG
mcr1,6219,+,GGTCATGCCAGAAAATCCTG,TGG,50.0,84.0,0,0,0,0,0,100,90.4,Excellent,AAAAGGTCATGCCAGAAAATCCTGTGGGGG
mcr1,6507,+,CCTGGCGGATAACCCGGATG,TGG,65.0,84.0,0,0,0,0,0,100,90.4,Excellent,AAAACCTGGCGGATAACCCGGATGTGGGGG
mcr1,8806,+,AAACTCCGTCCTTCAAGGCG,TGG,55.0,84.0,0,0,0,0,0,100,90.4,Excellent,AAAAAAACTCCGTCCTTCAAGGCGTGGGGG
mcr1,13164,+,CAAGCAGTCACCAGATATGG,TGG,50.0,84.0,0,0,0,0,0,100,90.4,Excellent,AAAACAAGCAGTCACCAGATATGGTGGGGG
