gene,position,strand,spacer,pam,gc_content,on_target_score,offtarget_hits_0mm,offtarget_hits_1mm,offtarget_hits_2mm,offtarget_hits_3mm,offtarget_penalty,specificity_score,final_score,classification,rs3_score,rank_rs3,rank_final
blaKPC,756,-,CACAATAGGTGCGCGCCCAG,TGG,65.0,84.0,0,0,0,0,0,100,90.4,Excellent,0.2981020776399052,13,1
blaKPC,474,-,CCAGCGGTCCAGACGGAACG,TGG,70.0,84.0,0,0,0,0,0,100,90.4,Excellent,0.4408693530463689,6,2
mcr1,8806,+,AAACTCCGTCCTTCAAGGCG,TGG,55.0,84.0,0,0,0,0,0,100,90.4,Excellent,0.0575623390974232,16,3
mcr1,6507,+,CCTGGCGGATAACCCGGATG,TGG,65.0,84.0,0,0,0,0,0,100,90.4,Excellent,0.4153193782102095,8,4
mcr1,6219,+,GGTCATGCCAGAAAATCCTG,TGG,50.0,84.0,0,0,0,0,0,100,90.4,Excellent,0.4396869592380154,7,5
mcr1,5370,+,CACATGCCGTCTGAACAATG,TGG,50.0,84.0,0,0,0,0,0,100,90.4,Excellent,0.5974647039235332,4,6
mcr1,5226,+,GTACTGCAGTAATGGCTGGG,TGG,55.0,84.0,0,0,0,0,0,100,90.4,Excellent,0.161223928968617,15,7
mcr1,4879,+,CTTCAGGCAGATGCTTACGG,TGG,55.0,84.0,0,0,0,0,0,100,90.4,Excellent,0.3053694699687515,12,8
mcr1,4736,+,AAACAAGAACTGCCCGGCTG,TGG,55.0,84.0,0,0,0,0,0,100,90.4,Excellent,0.2065608987082287,14,9
mcr1,4563,+,AATATACCGTCGCCAGGGCG,TGG,60.0,84.0,0,0,0,0,0,100,90.4,Excellent,-0.1685755781627306,19,10
mcr1,4309,+,GAATGCTGCCCGGCCTGTGG,TGG,70.0,84.0,0,0,0,0,0,100,90.4,Excellent,0.3492660599372746,11,11
mcr1,4306,+,GAGGAATGCTGCCCGGCCTG,TGG,70.0,84.0,0,0,0,0,0,100,90.4,Excellent,-0.1045513957374211,18,12
mcr1,3709,+,GTGACCAGATAAAAGTGCTG,TGG,45.0,84.0,0,0,0,0,0,100,90.4,Excellent,0.6617636149683431,3,13
mcr1,3307,+,CGGCATCTCTGGCGTAACGG,TGG,65.0,84.0,0,0,0,0,0,100,90.4,Excellent,0.0252112740246592,17,14
mcr1,2672,+,GATCAACAAAGGATTCATCG,TGG,40.0,84.0,0,0,0,0,0,100,90.4,Excellent,0.380915852854078,9,15
mcr1,2650,+,AACCTGCGCAGGTAACACAG,TGG,55.0,84.0,0,0,0,0,0,100,90.4,Excellent,1.0793546657251705,1,16
blaNDM1,677,-,CGGTGATATTGTCACTGGTG,TGG,50.0,84.0,0,0,0,0,0,100,90.4,Excellent,-0.2182791438791334,20,17
blaKPC,69,-,GACGAGGTTGGTCAGCGCGG,TGG,70.0,84.0,0,0,0,0,0,100,90.4,Excellent,0.8464746057426562,2,18
blaKPC,200,-,CCCTTGAATGAGCTGCACAG,TGG,55.0,84.0,0,0,0,0,0,100,90.4,Excellent,0.5377596097831532,5,19
mcr1,13164,+,CAAGCAGTCACCAGATATGG,TGG,50.0,84.0,0,0,0,0,0,100,90.4,Excellent,0.3501718759032767,10,20
