gene,position,strand,spacer,pam,gc_content,on_target_score,offtarget_hits_0mm,offtarget_hits_1mm,offtarget_hits_2mm,offtarget_hits_3mm,offtarget_penalty,specificity_score,final_score,classification,context_30mer,rs3_score,rank_rs3
mcr1,2650,+,AACCTGCGCAGGTAACACAG,TGG,55.0,84.0,0,0,0,0,0,100,90.4,Excellent,AAAAAACCTGCGCAGGTAACACAGTGGGGG,1.0793546657251705,1
blaKPC,69,-,GACGAGGTTGGTCAGCGCGG,TGG,70.0,84.0,0,0,0,0,0,100,90.4,Excellent,AAAAGACGAGGTTGGTCAGCGCGGTGGGGG,0.8464746057426562,2
mcr1,3709,+,GTGACCAGATAAAAGTGCTG,TGG,45.0,84.0,0,0,0,0,0,100,90.4,Excellent,AAAAGTGACCAGATAAAAGTGCTGTGGGGG,0.6617636149683431,3
mcr1,5370,+,CACATGCCGTCTGAACAATG,TGG,50.0,84.0,0,0,0,0,0,100,90.4,Excellent,AAAACACATGCCGTCTGAACAATGTGGGGG,0.5974647039235332,4
blaKPC,200,-,CCCTTGAATGAGCTGCACAG,TGG,55.0,84.0,0,0,0,0,0,100,90.4,Excellent,AAAACCCTTGAATGAGCTGCACAGTGGGGG,0.5377596097831532,5
blaKPC,474,-,CCAGCGGTCCAGACGGAACG,TGG,70.0,84.0,0,0,0,0,0,100,90.4,Excellent,AAAACCAGCGGTCCAGACGGAACGTGGGGG,0.4408693530463689,6
mcr1,6219,+,GGTCATGCCAGAAAATCCTG,TGG,50.0,84.0,0,0,0,0,0,100,90.4,Excellent,AAAAGGTCATGCCAGAAAATCCTGTGGGGG,0.4396869592380154,7
mcr1,6507,+,CCTGGCGGATAACCCGGATG,TGG,65.0,84.0,0,0,0,0,0,100,90.4,Excellent,AAAACCTGGCGGATAACCCGGATGTGGGGG,0.4153193782102095,8
mcr1,2672,+,GATCAACAAAGGATTCATCG,TGG,40.0,84.0,0,0,0,0,0,100,90.4,Excellent,AAAAGATCAACAAAGGATTCATCGTGGGGG,0.380915852854078,9
mcr1,13164,+,CAAGCAGTCACCAGATATGG,TGG,50.0,84.0,0,0,0,0,0,100,90.4,Excellent,AAAACAAGCAGTCACCAGATATGGTGGGGG,0.3501718759032767,10
mcr1,4309,+,GAATGCTGCCCGGCCTGTGG,TGG,70.0,84.0,0,0,0,0,0,100,90.4,Excellent,AAAAGAATGCTGCCCGGCCTGTGGTGGGGG,0.34926605993727466,11
mcr1,4879,+,CTTCAGGCAGATGCTTACGG,TGG,55.0,84.0,0,0,0,0,0,100,90.4,Excellent,AAAACTTCAGGCAGATGCTTACGGTGGGGG,0.30536946996875153,12
blaKPC,756,-,CACAATAGGTGCGCGCCCAG,TGG,65.0,84.0,0,0,0,0,0,100,90.4,Excellent,AAAACACAATAGGTGCGCGCCCAGTGGGGG,0.29810207763990526,13
mcr1,4736,+,AAACAAGAACTGCCCGGCTG,TGG,55.0,84.0,0,0,0,0,0,100,90.4,Excellent,AAAAAAACAAGAACTGCCCGGCTGTGGGGG,0.20656089870822875,14
mcr1,5226,+,GTACTGCAGTAATGGCTGGG,TGG,55.0,84.0,0,0,0,0,0,100,90.4,Excellent,AAAAGTACTGCAGTAATGGCTGGGTGGGGG,0.16122392896861706,15
mcr1,8806,+,AAACTCCGTCCTTCAAGGCG,TGG,55.0,84.0,0,0,0,0,0,100,90.4,Excellent,AAAAAAACTCCGTCCTTCAAGGCGTGGGGG,0.05756233909742326,16
mcr1,3307,+,CGGCATCTCTGGCGTAACGG,TGG,65.0,84.0,0,0,0,0,0,100,90.4,Excellent,AAAACGGCATCTCTGGCGTAACGGTGGGGG,0.025211274024659207,17
mcr1,4306,+,GAGGAATGCTGCCCGGCCTG,TGG,70.0,84.0,0,0,0,0,0,100,90.4,Excellent,AAAAGAGGAATGCTGCCCGGCCTGTGGGGG,-0.10455139573742116,18
mcr1,4563,+,AATATACCGTCGCCAGGGCG,TGG,60.0,84.0,0,0,0,0,0,100,90.4,Excellent,AAAAAATATACCGTCGCCAGGGCGTGGGGG,-0.16857557816273064,19
blaNDM1,677,-,CGGTGATATTGTCACTGGTG,TGG,50.0,84.0,0,0,0,0,0,100,90.4,Excellent,AAAACGGTGATATTGTCACTGGTGTGGGGG,-0.21827914387913344,20
